channel,First touch,Last touch,Linear,Markov removal
Long-tail placements,0.5454545454545454,0.506993006993007,0.5185314685314686,0.5126034398277552
Publisher 01,0.1993006993006993,0.2097902097902098,0.21223776223776225,0.20425934114571254
Publisher 02,0.08041958041958042,0.0979020979020979,0.09090909090909091,0.10949320367326774
Publisher 03,0.04895104895104895,0.038461538461538464,0.04312354312354312,0.05594496217898418
Publisher 04,0.06993006993006994,0.07342657342657342,0.07167832167832168,0.04137676218318059
Publisher 05,0.017482517482517484,0.017482517482517484,0.015734265734265736,0.021012298554906803
Publisher 06,0.0034965034965034965,0.013986013986013986,0.009324009324009324,0.016628395301987252
Publisher 07,0.02097902097902098,0.024475524475524476,0.022727272727272728,0.015374763965679036
Publisher 08,0.013986013986013986,0.017482517482517484,0.015734265734265736,0.02330683316852644
