channel,current_budget,current_budget_share,last_touch_budget_if_used,markov_recommended_budget,budget_gap_to_markov,last_touch_vs_markov_gap,markov_credit_value,markov_credit_share,attributed_roas
Publisher 01,42000.0,0.2413793103448276,36503.496503496506,35541.12535935398,-6458.8746406460195,962.3711441425257,7010.180588120854,0.20425934114571254,0.1669090616219251
Publisher 02,28000.0,0.16091954022988506,17034.965034965036,19051.817439148588,-8948.182560851412,-2016.8524041835517,3757.806750066549,0.10949320367326774,0.13420738393094817
Publisher 03,19000.0,0.10919540229885058,6692.307692307692,9734.423419143248,-9265.576580856752,-3042.1157268355555,1920.0311019827373,0.05594496217898418,0.10105426852540722
Publisher 04,12000.0,0.06896551724137931,12776.223776223776,7199.556619873423,-4800.443380126577,5576.667156350353,1420.050478126758,0.04137676218318059,0.1183375398438965
Publisher 05,11000.0,0.06321839080459771,3041.958041958042,3656.1399485537836,-7343.860051446216,-614.1819065957416,721.1420864044015,0.021012298554906803,0.06555837149130923
Publisher 06,9000.0,0.05172413793103448,2433.5664335664337,2893.3407825457816,-6106.659217454218,-459.7743489793479,570.6865267642024,0.016628395301987252,0.06340961408491139
Publisher 07,8000.0,0.04597701149425287,4258.741258741259,2675.2089300281523,-5324.791069971848,1583.5323287131068,527.6618993021045,0.015374763965679036,0.06595773741276306
Publisher 08,7000.0,0.040229885057471264,3041.958041958042,4055.3889713236003,-2944.6110286763997,-1013.4309293655583,799.8905143438274,0.02330683316852644,0.11427007347768962
Long-tail placements,38000.0,0.21839080459770116,88216.78321678321,89192.9985300294,51192.99853002941,-976.2153132461972,17592.55005488856,0.5126034398277552,0.462961843549699
